movie,alternateName,description,ratingCount,ratingValue,genre1,genre2,genre3,published,keywords,actor1,actor2,actor3,director,duration_min
The Shawshank Redemption,,"Over the course of several years, two convicts form a friendship, seeking consolation and, eventually, redemption through basic compassion.",2827452,9.3,Drama,,,1994-10-14,"prison,based on the works of stephen king,escape from prison,friendship between men,wrongful conviction",Tim Robbins,Morgan Freeman,Bob Gunton,Frank Darabont,142
The Godfather,,"Don Vito Corleone, head of a mafia family, decides to hand over his empire to his youngest son Michael. However, his decision unintentionally puts the lives of his loved ones in grave danger.",1970806,9.2,Crime,Drama,,1972-03-24,"mafia,patriarch,crime family,organized crime,rise to power",Marlon Brando,Al Pacino,James Caan,Francis Ford Coppola,175
The Dark Knight,,"When the menace known as the Joker wreaks havoc and chaos on the people of Gotham, Batman must accept one of the greatest psychological and physical tests of his ability to fight injustice.",2808849,9.0,Action,Crime,Drama,2008-07-18,"dc comics,psychopath,moral dilemma,superhero,clown",Christian Bale,Heath Ledger,Aaron Eckhart,Christopher Nolan,152
The Godfather Part II,,"The early life and career of Vito Corleone in 1920s New York City is portrayed, while his son, Michael, expands and tightens his grip on the family crime syndicate.",1337642,9.0,Crime,Drama,,1974-12-18,"revenge,1950s,corrupt politician,cuban revolution,lake tahoe nevada",Al Pacino,Robert De Niro,Robert Duvall,Francis Ford Coppola,202
12 Angry Men,,The jury in a New York City murder trial is frustrated by a single member whose skeptical caution forces them to more carefully consider the evidence before jumping to a hasty verdict.,843238,9.0,Crime,Drama,,1957-04-10,"jury,dialogue driven,murder,courtroom,trial",Henry Fonda,Lee J. Cobb,Martin Balsam,Sidney Lumet,96
Schindler&apos;s List,,"In German-occupied Poland during World War II, industrialist Oskar Schindler gradually becomes concerned for his Jewish workforce after witnessing their persecution by the Nazis.",1420873,9.0,Biography,Drama,History,1994-02-04,"holocaust,nazi,nazi concentration camp,jew,german",Liam Neeson,Ralph Fiennes,Ben Kingsley,Steven Spielberg,195
The Lord of the Rings: The Return of the King,,Gandalf and Aragorn lead the World of Men against Sauron&apos;s army to draw his gaze from Frodo and Sam as they approach Mount Doom with the One Ring.,1936046,9.0,Action,Adventure,Drama,2003-12-17,"journey,orc,middle earth,hobbit,ring",Elijah Wood,Viggo Mortensen,Ian McKellen,Peter Jackson,201
Pulp Fiction,,"The lives of two mob hitmen, a boxer, a gangster and his wife, and a pair of diner bandits intertwine in four tales of violence and redemption.",2167972,8.9,Crime,Drama,,1994-10-14,"nonlinear timeline,overdose,drug use,drug overdose,drug dealing",John Travolta,Uma Thurman,Samuel L. Jackson,Quentin Tarantino,154
The Lord of the Rings: The Fellowship of the Ring,,A meek Hobbit from the Shire and eight companions set out on a journey to destroy the powerful One Ring and save Middle-earth from the Dark Lord Sauron.,1962920,8.8,Action,Adventure,Drama,2001-12-19,"ring,quest,hobbit,middle earth,elf",Elijah Wood,Ian McKellen,Orlando Bloom,Peter Jackson,178
"Il buono, il brutto, il cattivo","The Good, the Bad and the Ugly",A bounty hunting scam joins two men in an uneasy alliance against a third in a race to find a fortune in gold buried in a remote cemetery.,796437,8.8,Adventure,Western,,1967-12-29,"shootout,spaghetti western,civil war,third in trilogy,man with no name",Clint Eastwood,Eli Wallach,Lee Van Cleef,Sergio Leone,178
Forrest Gump,,"The history of the United States from the 1950s to the &apos;70s unfolds from the perspective of an Alabama man with an IQ of 75, who yearns to be reunited with his childhood sweetheart.",2202942,8.8,Drama,Romance,,1994-07-06,"vietnam war,based on book,based on novel,vietnam,shrimp boat",Tom Hanks,Robin Wright,Gary Sinise,Robert Zemeckis,142
Fight Club,,An insomniac office worker and a devil-may-care soap maker form an underground fight club that evolves into much more.,2262953,8.8,Drama,,,1999-10-15,"surprise ending,anti establishment,insomnia,multiple personality disorder,group therapy",Brad Pitt,Edward Norton,Meat Loaf,David Fincher,139
The Lord of the Rings: The Two Towers,,"While Frodo and Sam edge closer to Mordor with the help of the shifty Gollum, the divided fellowship makes a stand against Sauron&apos;s new ally, Saruman, and his hordes of Isengard.",1745660,8.8,Action,Adventure,Drama,2002-12-18,"middle earth,wizard,hobbit,orc,mission",Elijah Wood,Ian McKellen,Viggo Mortensen,Peter Jackson,179
Inception,,"A thief who steals corporate secrets through the use of dream-sharing technology is given the inverse task of planting an idea into the mind of a C.E.O., but his tragic past may doom the project and his team to disaster.",2493338,8.8,Action,Adventure,Sci-Fi,2010-07-16,"dream,ambiguous ending,subconscious,mindbender,surprise ending",Leonardo DiCaprio,Joseph Gordon-Levitt,Elliot Page,Christopher Nolan,148
Star Wars: Episode V - The Empire Strikes Back,,"After the Rebels are overpowered by the Empire, Luke Skywalker begins his Jedi training with Yoda, while his friends are pursued across the galaxy by Darth Vader and bounty hunter Boba Fett.",1353994,8.7,Action,Adventure,Fantasy,1980-06-18,"famous twist,part of trilogy,the force,duel,rescue",Mark Hamill,Harrison Ford,Carrie Fisher,Irvin Kershner,124
The Matrix,,"When a beautiful stranger leads computer hacker Neo to a forbidding underworld, he discovers the shocking truth--the life he knows is the elaborate deception of an evil cyber-intelligence.",2009901,8.7,Action,Sci-Fi,,1999-03-31,"artificial reality,war with machines,simulated reality,dystopia,post apocalypse",Keanu Reeves,Laurence Fishburne,Carrie-Anne Moss,Lana Wachowski,136
Goodfellas,,"The story of Henry Hill and his life in the mafia, covering his relationship with his wife Karen and his mob partners Jimmy Conway and Tommy DeVito.",1228766,8.7,Biography,Crime,Drama,1990-09-21,"gangster,mafia,organized crime,rise and fall,mob",Robert De Niro,Ray Liotta,Joe Pesci,Martin Scorsese,145
One Flew Over the Cuckoo&apos;s Nest,,"In the Fall of 1963, a Korean War veteran and criminal pleads insanity and is admitted to a mental institution, where he rallies up the scared patients against the tyrannical nurse.",1052280,8.7,Drama,,,1975-11-19,"mental institution,nurse,mental illness,escape,native american",Jack Nicholson,Louise Fletcher,Michael Berryman,Milos Forman,133
Se7en,,"Two detectives, a rookie and a veteran, hunt a serial killer who uses the seven deadly sins as his motives.",1754910,8.6,Crime,Drama,Mystery,1995-09-22,"serial killer,detective,murder,murder investigation,severed head",Morgan Freeman,Brad Pitt,Kevin Spacey,David Fincher,127
It&apos;s a Wonderful Life,,An angel is sent from Heaven to help a desperately frustrated businessman by showing him what life would have been like if he had never existed.,484101,8.6,Drama,Family,Fantasy,1947-01-07,"small town life,christmas,guardian angel,angel on earth,small town",James Stewart,Donna Reed,Lionel Barrymore,Frank Capra,130
Shichinin no samurai,Seven Samurai,"Farmers from a village exploited by bandits hire a veteran samurai for protection, who gathers six other samurai to join him.",360890,8.6,Action,Drama,,1956-11-19,"samurai,16th century,battle,japan,old woman",Toshirô Mifune,Takashi Shimura,Keiko Tsushima,Akira Kurosawa,207
Interstellar,,"When Earth becomes uninhabitable in the future, a farmer and ex-NASA pilot, Joseph Cooper, is tasked to pilot a spacecraft, along with a team of researchers, to find a new planet for humans.",2021664,8.7,Adventure,Drama,Sci-Fi,2014-11-07,"saving the world,astronaut,space travel,father daughter relationship,wormhole",Matthew McConaughey,Anne Hathaway,Jessica Chastain,Christopher Nolan,169
The Silence of the Lambs,,"A young F.B.I. cadet must receive the help of an incarcerated and manipulative cannibal killer to help catch another serial killer, a madman who skins his victims.",1512554,8.6,Crime,Drama,Thriller,1991-02-14,"serial killer,stuck in a well,psychopath,psycho thriller,bad guy wins",Jodie Foster,Anthony Hopkins,Scott Glenn,Jonathan Demme,118
Saving Private Ryan,,"Following the Normandy Landings, a group of U.S. soldiers go behind enemy lines to retrieve a paratrooper whose brothers have been killed in action.",1465073,8.6,Drama,War,,1998-07-24,"world war two,rescue mission,d day,year 1944,u.s. army",Tom Hanks,Matt Damon,Tom Sizemore,Steven Spielberg,169
Cidade de Deus,City of God,"In the slums of Rio, two kids&apos; paths diverge as one struggles to become a photographer and the other a kingpin.",787838,8.6,Crime,Drama,,2004-02-13,"photographer,slum,gang,brazil,favela",Alexandre Rodrigues,Leandro Firmino,Matheus Nachtergaele,Fernando Meirelles,130
La vita è bella,Life Is Beautiful,"When an open-minded Jewish waiter and his son become victims of the Holocaust, he uses a perfect mixture of will, humor and imagination to protect his son from the dangers around their camp.",729251,8.6,Comedy,Drama,Romance,1997-12-20,"world war two,nazi occupation,tank,jewish,holocaust",Roberto Benigni,Nicoletta Braschi,Giorgio Cantarini,Roberto Benigni,116
The Green Mile,,"A tale set on death row in a Southern jail, where gentle giant John possesses the mysterious power to heal people&apos;s ailments. When the lead guard, Paul, recognizes John&apos;s gift, he tries to help stave off the condemned man&apos;s execut...",1375593,8.6,Crime,Drama,Fantasy,1999-12-10,"death row inmate,1930s,death row,good versus evil,urinary tract infection",Tom Hanks,Michael Clarke Duncan,David Morse,Frank Darabont,189
Spider-Man: Across the Spider-Verse,,"Miles Morales catapults across the Multiverse, where he encounters a team of Spider-People charged with protecting its very existence. When the heroes clash on how to handle a new threat, Miles must redefine what it means to be a ...",307925,8.7,Animation,Action,Adventure,2023-06-02,"marvel comics,based on comic,second part,multiverse,spider man character",Shameik Moore,Hailee Steinfeld,Brian Tyree Henry,Joaquim Dos Santos,140
Star Wars,Star Wars: Episode IV - A New Hope,"Luke Skywalker joins forces with a Jedi Knight, a cocky pilot, a Wookiee and two droids to save the galaxy from the Empire&apos;s world-destroying battle station, while also attempting to rescue Princess Leia from the mysterious Darth ...",1425000,8.6,Action,Adventure,Fantasy,1977-05-25,"rebellion,galactic war,princess,lightsaber,space opera",Mark Hamill,Harrison Ford,Carrie Fisher,George Lucas,121
Terminator 2: Judgment Day,,"A cyborg, identical to the one who failed to kill Sarah Connor, must now protect her ten year old son John from an even more advanced and powerful cyborg.",1151984,8.6,Action,Sci-Fi,,1991-07-03,"time travel,future,artificial intelligence,mother son relationship,sacrifice",Arnold Schwarzenegger,Linda Hamilton,Edward Furlong,James Cameron,137
Back to the Future,,"Marty McFly, a 17-year-old high school student, is accidentally sent 30 years into the past in a time-traveling DeLorean invented by his close friend, the maverick scientist Doc Brown.",1277366,8.5,Adventure,Comedy,Sci-Fi,1985-07-03,"time travel,time machine,delorean,future,time travel comedy",Michael J. Fox,Christopher Lloyd,Lea Thompson,Robert Zemeckis,116
Sen to Chihiro no kamikakushi,Spirited Away,"During her family&apos;s move to the suburbs, a sullen 10-year-old girl wanders into a world ruled by gods, witches and spirits, a world where humans are changed into beasts.",821761,8.6,Animation,Adventure,Family,2003-03-28,"studio ghibli,turned into a pig,parent child relationship,spirit world,child protagonist",Daveigh Chase,Suzanne Pleshette,Miyu Irino,Hayao Miyazaki,125
The Pianist,,"During the WWII, acclaimed Polish musician Wladyslaw faces various struggles as he loses contact with his family. As the situation worsens, he hides in the ruins of Warsaw in order to survive.",889178,8.5,Biography,Drama,Music,2003-03-28,"holocaust,pianist,hiding a jew,survival,based on autobiography",Adrien Brody,Thomas Kretschmann,Frank Finlay,Roman Polanski,150
Psycho,,"A Phoenix secretary embezzles $40,000 from her employer&apos;s client, goes on the run and checks into a remote motel run by a young man under the domination of his mother.",705993,8.5,Horror,Mystery,Thriller,1960-09-08,"motel,shower,stabbed with a knife,money,maniac",Anthony Perkins,Janet Leigh,Vera Miles,Alfred Hitchcock,109
Gisaengchung,Parasite,Greed and class discrimination threaten the newly formed symbiotic relationship between the wealthy Park family and the destitute Kim clan.,908180,8.5,Drama,Thriller,,2019-11-08,"class differences,plot twist,social satire,fraud,house",Song Kang-ho,Lee Sun-kyun,Cho Yeo-jeong,Bong Joon Ho,132
Gladiator,,A former Roman General sets out to exact vengeance against the corrupt emperor who murdered his family and sent him into slavery.,1581043,8.5,Action,Adventure,Drama,2000-05-05,"roman empire,gladiator,slavery,combat,battlefield",Russell Crowe,Joaquin Phoenix,Connie Nielsen,Ridley Scott,155
The Lion King,,"Lion prince Simba and his father are targeted by his bitter uncle, who wants to ascend the throne himself.",1117497,8.5,Animation,Adventure,Drama,1994-06-24,"africa,king,lion,shakespearean,prince",Matthew Broderick,Jeremy Irons,James Earl Jones,Roger Allers,88
Léon,Léon: The Professional,"12-year-old Mathilda is reluctantly taken in by Léon, a professional assassin, after her family is murdered. An unusual relationship forms as she becomes his protégée and learns the assassin&apos;s trade.",1220570,8.5,Action,Crime,Drama,1994-11-18,"hitman,revenge,loss of family,killer child,assassin",Jean Reno,Gary Oldman,Natalie Portman,Luc Besson,110
American History X,,"Living a life marked by violence, neo-Nazi Derek finally goes to prison after killing two black youths. Upon his release, Derek vows to change; he hopes to prevent his brother, Danny, who idolizes Derek, from following in his foot...",1167898,8.5,Crime,Drama,,1998-11-20,"neo nazi,prison,hatred,racism,curb stomping",Edward Norton,Edward Furlong,Beverly D&apos;Angelo,Tony Kaye,119
The Departed,,An undercover cop and a mole in the police attempt to identify each other while infiltrating an Irish gang in South Boston.,1394183,8.5,Crime,Drama,Thriller,2006-10-06,"police,mobster,irish mafia,organized crime,scene of the crime",Leonardo DiCaprio,Matt Damon,Jack Nicholson,Martin Scorsese,151
Whiplash,,A promising young drummer enrolls at a cut-throat music conservatory where his dreams of greatness are mentored by an instructor who will stop at nothing to realize a student&apos;s potential.,949821,8.5,Drama,Music,,2014-10-15,"emotional abuse,drummer,teacher student relationship,jazz music,music school",Miles Teller,J.K. Simmons,Melissa Benoist,Damien Chazelle,106
The Prestige,,"After a tragic accident, two stage magicians in 1890s London engage in a battle to create the ultimate illusion while sacrificing everything they have to outwit each other.",1410926,8.5,Drama,Mystery,Sci-Fi,2006-10-20,"illusion,magician,rivalry,magic,death by drowning",Christian Bale,Hugh Jackman,Scarlett Johansson,Christopher Nolan,130
Hotaru no haka,Grave of the Fireflies,A young boy and his little sister struggle to survive in Japan during World War II.,300228,8.5,Animation,Drama,War,1989-07-26,"food,orphan,survival,firefly,older brother younger sister",Tsutomu Tatsumi,Ayano Shiraishi,Akemi Yamaguchi,Isao Takahata,89
The Usual Suspects,,The sole survivor of a pier shoot-out tells the story of how a notorious criminal influenced the events that began with five criminals meeting in a seemingly random police lineup.,1127613,8.5,Crime,Drama,Mystery,1995-08-16,"surprise ending,criminal mastermind,criminal,suspect,unreliable narrator",Kevin Spacey,Gabriel Byrne,Chazz Palminteri,Bryan Singer,106
Seppuku,Harakiri,"When a ronin requesting seppuku at a feudal lord&apos;s palace is told of the brutal suicide of another ronin who previously visited, he reveals how their pasts are intertwined - and in doing so challenges the clan&apos;s integrity.",65430,8.6,Action,Drama,Mystery,1964-08-04,"samurai,revenge,suicide,poverty,seppuku",Tatsuya Nakadai,Akira Ishihama,Shima Iwashita,Masaki Kobayashi,133
Casablanca,,A cynical expatriate American cafe owner struggles to decide whether or not to help his former lover and her fugitive husband escape the Nazis in French Morocco.,596332,8.5,Drama,Romance,War,1943-01-23,"nazi,love triangle,nightclub,casablanca morocco,anti nazi",Humphrey Bogart,Ingrid Bergman,Paul Henreid,Michael Curtiz,102
Intouchables,The Intouchables,"After he becomes a quadriplegic from a paragliding accident, an aristocrat hires a young man from the projects to be his caregiver.",908369,8.5,Biography,Comedy,Drama,2011-11-02,"caregiver,class differences,disabled person,quadriplegia,rich poor",François Cluzet,Omar Sy,Anne Le Ny,Olivier Nakache,112
Modern Times,,The Tramp struggles to live in modern industrial society with the help of a young homeless woman.,254868,8.5,Comedy,Drama,Romance,1936-02-25,"factory,actor director writer,music score composed by director,industry,jail",Charles Chaplin,Paulette Goddard,Henry Bergman,Charles Chaplin,87
Nuovo Cinema Paradiso,Cinema Paradiso,A filmmaker recalls his childhood when falling in love with the pictures at the cinema of his home village and forms a deep friendship with the cinema&apos;s projectionist.,276764,8.5,Drama,Romance,,1990-02-23,"film projectionist,cinema,flashback,blind man,nostalgia",Philippe Noiret,Enzo Cannavale,Antonella Attili,Giuseppe Tornatore,155
C&apos;era una volta il West,Once Upon a Time in the West,A mysterious stranger with a harmonica joins forces with a notorious desperado to protect a beautiful widow from a ruthless assassin working for the railroad.,344101,8.5,Western,,,1969-07-04,"harmonica,showdown,former prostitute,arizona territory,yuma territorial prison",Henry Fonda,Charles Bronson,Claudia Cardinale,Sergio Leone,166
Rear Window,,"A photographer in a wheelchair spies on his neighbors from his Greenwich Village courtyard apartment window, and becomes convinced one of them has committed murder, despite the skepticism of his fashion-model girlfriend.",513158,8.5,Mystery,Thriller,,1954-09-01,"wheelchair,window,voyeur,apartment,broken leg",James Stewart,Grace Kelly,Wendell Corey,Alfred Hitchcock,112
Alien,,The crew of a commercial spacecraft encounters a deadly lifeform after investigating an unknown transmission.,929875,8.5,Horror,Sci-Fi,,1979-06-22,"alien,spaceship,outer space,female protagonist,monster",Sigourney Weaver,Tom Skerritt,John Hurt,Ridley Scott,117
City Lights,,"With the aid of a wealthy erratic tippler, a dewy-eyed tramp who has fallen in love with a sightless flower girl accumulates money to be able to help her medically.",192878,8.5,Comedy,Drama,Romance,1931-03-07,"slapstick comedy,silent comedy,pantomime,music score composed by director,the little tramp character",Charles Chaplin,Virginia Cherrill,Florence Lee,Charles Chaplin,87
Apocalypse Now,,A U.S. Army officer serving in Vietnam is tasked with assassinating a renegade Special Forces Colonel who sees himself as a god.,697688,8.4,Drama,Mystery,War,1979-08-15,"vietnam war,insanity,secret mission,vietnam,jungle",Martin Sheen,Marlon Brando,Robert Duvall,Francis Ford Coppola,147
Django Unchained,,"With the help of a German bounty-hunter, a freed slave sets out to rescue his wife from a brutal plantation owner in Mississippi.",1654402,8.5,Drama,Western,,2012-12-25,"slavery,racial vengeance,racial violence,torture,ku klux klan",Jamie Foxx,Christoph Waltz,Leonardo DiCaprio,Quentin Tarantino,165
Memento,,A man with short-term memory loss attempts to track down his wife&apos;s murderer.,1298590,8.4,Mystery,Thriller,,2001-05-25,"memory,short term memory loss,hidden truth,murder,telephone",Guy Pearce,Carrie-Anne Moss,Joe Pantoliano,Christopher Nolan,113
Raiders of the Lost Ark,,"In 1936, archaeologist and adventurer Indiana Jones is hired by the U.S. government to find the Ark of the Covenant before the Nazis can obtain its awesome powers.",1020512,8.4,Action,Adventure,,1981-06-12,"nazi,ark of the covenant,archeologist,female tied up,archeology",Harrison Ford,Karen Allen,Paul Freeman,Steven Spielberg,115
WALL·E,,"In the distant future, a small waste-collecting robot inadvertently embarks on a space journey that will ultimately decide the fate of mankind.",1175623,8.4,Animation,Adventure,Family,2008-06-27,"robot,obesity,pollution,outer space,cityscape",Ben Burtt,Elissa Knight,Jeff Garlin,Andrew Stanton,98
Das Leben der Anderen,The Lives of Others,"In 1984 East Berlin, an agent of the secret police, conducting surveillance on a writer and his lover, finds himself becoming increasingly absorbed by their lives.",404285,8.4,Drama,Mystery,Thriller,2007-03-30,"1980s,stasi,spy,political thriller,berlin wall",Ulrich Mühe,Martina Gedeck,Sebastian Koch,Florian Henckel von Donnersmarck,137
Sunset Blvd.,,A screenwriter develops a dangerous relationship with a faded film star determined to make a triumphant return.,232489,8.4,Drama,Film-Noir,,1950-08-04,"narrated from the grave,silent film star,hollywood california,butler,jealousy",William Holden,Gloria Swanson,Erich von Stroheim,Billy Wilder,110
Paths of Glory,,"After refusing to attack an enemy position, a general accuses the soldiers of cowardice and their commanding officer must defend them.",208374,8.4,Drama,War,,1957-12-25,"trench warfare,military officer,courtroom,rifle,world war one",Kirk Douglas,Ralph Meeker,Adolphe Menjou,Stanley Kubrick,88
Avengers: Infinity War,,The Avengers and their allies must be willing to sacrifice all in an attempt to defeat the powerful Thanos before his blitz of devastation and ruin puts an end to the universe.,1170497,8.4,Action,Adventure,Sci-Fi,2018-04-27,"superhero,death of recurring character,supervillain,ensemble cast,marvel cinematic universe",Robert Downey Jr.,Chris Hemsworth,Mark Ruffalo,Anthony Russo,149
Oppenheimer,,"The story of American scientist, J. Robert Oppenheimer, and his role in the development of the atomic bomb.",536801,8.4,Biography,Drama,History,2023-07-21,"american politics,manhattan project,nuclear physicist,nuclear,based on real people",Cillian Murphy,Emily Blunt,Matt Damon,Christopher Nolan,180
The Shining,,"A family heads to an isolated hotel for the winter where a sinister presence influences the father into violence, while his psychic son sees horrific forebodings from both past and future.",1084124,8.4,Drama,Horror,,1980-06-13,"haunted hotel,labyrinth,identical twins,hotel,typewriter",Jack Nicholson,Shelley Duvall,Danny Lloyd,Stanley Kubrick,146
Spider-Man: Into the Spider-Verse,,Teen Miles Morales becomes the Spider-Man of his universe and must join with five spider-powered individuals from other dimensions to stop a threat for all realities.,643923,8.4,Animation,Action,Adventure,2018-12-14,"multiverse,teenage superhero,wisecrack humor,posthumous cameo,miles morales character",Shameik Moore,Jake Johnson,Hailee Steinfeld,Bob Persichetti,117
Witness for the Prosecution,,A veteran British barrister must defend his client in a murder trial that has surprise after surprise.,134129,8.4,Crime,Drama,Mystery,1958-02-06,"lawyer,courtroom drama,defense attorney,courtroom,trial",Tyrone Power,Marlene Dietrich,Charles Laughton,Billy Wilder,116
The Great Dictator,,Dictator Adenoid Hynkel tries to expand his empire while a poor Jewish barber tries to avoid persecution from Hynkel&apos;s regime.,233896,8.4,Comedy,Drama,War,1941-03-07,"dictator,invented language,adolf hitler character,1910s,slapstick comedy",Charles Chaplin,Paulette Goddard,Jack Oakie,Charles Chaplin,125
Aliens,,"Decades after surviving the Nostromo incident, Ellen Ripley is sent out to re-establish contact with a terraforming colony but finds herself battling the Alien Queen and her offspring.",749725,8.4,Action,Adventure,Sci-Fi,1986-07-18,"alien,rescue mission,soldier,monster,death of daughter",Sigourney Weaver,Michael Biehn,Carrie Henn,James Cameron,137
Inglourious Basterds,,"In Nazi-occupied France during World War II, a plan to assassinate Nazi leaders by a group of Jewish U.S. soldiers coincides with a theatre owner&apos;s vengeful plans for the same.",1543686,8.4,Adventure,Drama,War,2009-08-21,"nazi,revenge,world war two,alternate history,brutality",Brad Pitt,Diane Kruger,Eli Roth,Quentin Tarantino,153
The Dark Knight Rises,,"Eight years after the Joker&apos;s reign of chaos, Batman is coerced out of exile with the assistance of the mysterious Selina Kyle in order to defend Gotham City from the vicious guerrilla terrorist Bane.",1791513,8.4,Action,Drama,Thriller,2012-07-20,"dc comics,batman character,bruce wayne character,terrorist plot,sequel",Christian Bale,Tom Hardy,Anne Hathaway,Christopher Nolan,164
American Beauty,,A sexually frustrated suburban father has a mid-life crisis after becoming infatuated with his daughter&apos;s best friend.,1194253,8.3,Drama,,,1999-10-01,"midlife crisis,loveless marriage,obsession,drug dealer,drug use",Kevin Spacey,Annette Bening,Thora Birch,Sam Mendes,122
Dr. Strangelove or: How I Learned to Stop Worrying and Love the Bomb,,"An insane American general orders a bombing attack on the Soviet Union, triggering a path to nuclear holocaust that a war room full of politicians and generals frantically tries to stop.",510320,8.4,Comedy,War,,1964-01-29,"war room,bodily fluids,nuclear attack,crazy general,military spoof",Peter Sellers,George C. Scott,Sterling Hayden,Stanley Kubrick,95
Oldeuboi,Oldboy,"After being kidnapped and imprisoned for fifteen years, Oh Dae-Su is released, only to find that he must find his captor in five days.",618530,8.4,Action,Drama,Mystery,2003-11-21,"psychological torture,revenge,brother sister relationship,captive,neo noir",Choi Min-sik,Yoo Ji-tae,Kang Hye-jeong,Park Chan-wook,120
Coco,,"Aspiring musician Miguel, confronted with his family&apos;s ancestral ban on music, enters the Land of the Dead to find his great-great-grandfather, a legendary singer.",567199,8.4,Animation,Adventure,Drama,2017-11-22,"mexico,afterlife,musician,death,day of the dead",Anthony Gonzalez,Gael García Bernal,Benjamin Bratt,Lee Unkrich,105
Amadeus,,"The life, success and troubles of Wolfgang Amadeus Mozart, as told by Antonio Salieri, the contemporaneous composer who was deeply jealous of Mozart&apos;s talent and claimed to have murdered him.",420595,8.4,Biography,Drama,Music,1984-09-19,"opera,composer,musician,classical composer,jealousy",F. Murray Abraham,Tom Hulce,Elizabeth Berridge,Milos Forman,160
Toy Story,,A cowboy doll is profoundly threatened and jealous when a new spaceman action figure supplants him as top toy in a boy&apos;s bedroom.,1047516,8.3,Animation,Adventure,Comedy,1995-11-22,"toy,toy comes to life,rivalry,claw crane,enemies become friends",Tom Hanks,Tim Allen,Don Rickles,John Lasseter,81
Das Boot,,A German U-boat stalks the frigid waters of the North Atlantic as its young crew experience the sheer terror and claustrophobic life of a submariner in World War II.,260700,8.4,Drama,War,,1982-02-10,"submarine movie,ship&apos;s log,german navy,war at sea,nazi salute",Jürgen Prochnow,Herbert Grönemeyer,Klaus Wennemann,Wolfgang Petersen,149
Braveheart,,Scottish warrior William Wallace leads his countrymen in a rebellion to free his homeland from the tyranny of King Edward I of England.,1075887,8.3,Biography,Drama,History,1995-05-24,"scotland,revolt,idealism,13th century,tyranny",Mel Gibson,Sophie Marceau,Patrick McGoohan,Mel Gibson,178
Avengers: Endgame,,"After the devastating events of Avengers: Infinity War (2018), the universe is in ruins. With the help of remaining allies, the Avengers assemble once more in order to reverse Thanos&apos; actions and restore balance to the universe.",1230833,8.4,Action,Adventure,Drama,2019-04-26,"time travel,superhero,super villain,cosmic,marvel cinematic universe",Robert Downey Jr.,Chris Evans,Mark Ruffalo,Anthony Russo,181
Joker,,"During the 1980s, a failed stand-up comedian is driven insane and turns to a life of crime and chaos in Gotham City while becoming an infamous psychopathic crime figure.",1427506,8.4,Crime,Drama,Thriller,2019-10-04,"mental illness,evil clown,stand up comedian,nihilism,clown",Joaquin Phoenix,Robert De Niro,Zazie Beetz,Todd Phillips,122
Mononoke-hime,Princess Mononoke,"On a journey to find the cure for a Tatarigami&apos;s curse, Ashitaka finds himself in the middle of a war between the forest gods and Tatara, a mining colony. In this quest he also meets San, the Mononoke Hime.",421007,8.3,Animation,Action,Adventure,1997-12-19,"forest,curse,studio ghibli,princess,female warrior",Yôji Matsuda,Yuriko Ishida,Yûko Tanaka,Hayao Miyazaki,134
Good Will Hunting,,"Will Hunting, a janitor at M.I.T., has a gift for mathematics, but needs help from a psychologist to find direction in his life.",1033406,8.3,Drama,Romance,,1998-01-09,"professor,genius,mathematical genius,loss of wife,friend",Robin Williams,Matt Damon,Ben Affleck,Gus Van Sant,126
Kimi no na wa.,Your Name.,"Two teenagers share a profound, magical connection upon discovering they are swapping bodies. Things manage to become even more complicated when the boy and girl decide to meet in person.",305442,8.4,Animation,Drama,Fantasy,2017-04-07,"race against time,anime,comet,japan,tokyo japan",Ryunosuke Kamiki,Mone Kamishiraishi,Ryo Narita,Makoto Shinkai,106
Once Upon a Time in America,,"A former Prohibition-era Jewish gangster returns to the Lower East Side of Manhattan 35 years later, where he must once again confront the ghosts and regrets of his old life.",370458,8.3,Crime,Drama,,1984-06-01,"gangster,prohibition,rape,new york city,1920s",Robert De Niro,James Woods,Elizabeth McGovern,Sergio Leone,229
Tengoku to jigoku,High and Low,An executive of a Yokohama shoe company becomes a victim of extortion when his chauffeur&apos;s son is kidnapped by mistake and held for ransom.,50900,8.4,Crime,Drama,Mystery,1963-11-26,"chauffeur,drug overdose,class differences,telephone,house on a hill",Toshirô Mifune,Yutaka Sada,Tatsuya Nakadai,Akira Kurosawa,143
3 Idiots,,"Two friends are searching for their long lost companion. They revisit their college days and recall the memories of their friend who inspired them to think differently, even as the rest of the world called them &quot;idiots&quot;.",422915,8.4,Comedy,Drama,,2009-12-25,"hairy chest,motivation,coming of age,against the system,papadum",Aamir Khan,Madhavan,Mona Singh,Rajkumar Hirani,170
Singin&apos; in the Rain,,A silent film star falls for a chorus girl just as he and his delusionally jealous screen partner are trying to make the difficult transition to talking pictures in 1920s Hollywood.,255581,8.3,Comedy,Musical,Romance,1952-04-10,"movie studio,film within a film,femme fatale,hollywood california,reference to moses",Gene Kelly,Donald O&apos;Connor,Debbie Reynolds,Stanley Donen,103
Capharnaüm,Capernaum,"While serving a five-year sentence for a violent crime, a 12-year-old boy sues his parents for neglect.",101193,8.4,Drama,,,2018-09-20,"prison,child marriage,baby,street child,poverty",Zain Al Rafeea,Yordanos Shiferaw,Boluwatife Treasure Bankole,Nadine Labaki,126
Requiem for a Dream,,The drug-induced utopias of four Coney Island people are shattered when their addictions run deep.,882695,8.3,Drama,,,2000-12-15,"drug addiction,heroin,sex show,addiction,sex scene",Ellen Burstyn,Jared Leto,Jennifer Connelly,Darren Aronofsky,102
Idi i smotri,Come and See,"After finding an old rifle, a young boy joins the Soviet resistance movement against ruthless German forces and experiences the horrors of World War II.",92277,8.4,Drama,Thriller,War,1985-09-03,"mass murder,nazi occupied soviet union,extermination,nazi occupation,year 1943",Aleksey Kravchenko,Olga Mironova,Liubomiras Laucevicius,Elem Klimov,142
Toy Story 3,,"The toys are mistakenly delivered to a day-care center instead of the attic right before Andy leaves for college, and it&apos;s up to Woody to convince the other toys that they weren&apos;t abandoned and to return home.",877053,8.3,Animation,Adventure,Comedy,2010-06-18,"mr. potato head character,toy,escape,evil teddy bear,recycling",Tom Hanks,Tim Allen,Joan Cusack,Lee Unkrich,103
Star Wars: Episode VI - Return of the Jedi,,"After rescuing Han Solo from Jabba the Hutt, the Rebels attempt to destroy the second Death Star, while Luke struggles to help Darth Vader back from the dark side.",1102029,8.3,Action,Adventure,Fantasy,1983-05-25,"death star,millennium falcon,bounty hunter,brother sister relationship,father son relationship",Mark Hamill,Harrison Ford,Carrie Fisher,Richard Marquand,131
Eternal Sunshine of the Spotless Mind,,"When their relationship turns sour, a couple undergoes a medical procedure to have each other erased from their memories for ever.",1055750,8.3,Drama,Romance,Sci-Fi,2004-03-19,"memory,loneliness,valentine&apos;s day,flashback,nonlinear timeline",Jim Carrey,Kate Winslet,Tom Wilkinson,Michel Gondry,108
2001: A Space Odyssey,,"After uncovering a mysterious artifact buried beneath the Lunar surface, a spacecraft is sent to Jupiter to find its origins: a spacecraft manned by two men and the supercomputer HAL 9000.",705200,8.3,Adventure,Sci-Fi,,1968-05-12,"monolith,human versus computer,star child,famous line,computer",Keir Dullea,Gary Lockwood,William Sylvester,Stanley Kubrick,149
Jagten,The Hunt,"A teacher lives a lonely life, all the while struggling over his son&apos;s custody. His life slowly gets better as he finds love and receives good news from his son, but his new luck is about to be brutally shattered by an innocent li...",354575,8.3,Drama,,,2013-01-10,"kindergarten teacher,friendship between men,punched in the face,divorced man,gun",Mads Mikkelsen,Thomas Bo Larsen,Annika Wedderkopp,Thomas Vinterberg,115
Reservoir Dogs,,"When a simple jewelry heist goes horribly wrong, the surviving criminals begin to suspect that one of them is a police informant.",1068508,8.3,Crime,Thriller,,1992-09-02,"heist gone wrong,robbery,nonlinear timeline,neo noir,mexican standoff",Harvey Keitel,Tim Roth,Michael Madsen,Quentin Tarantino,99
Ikiru,,A bureaucrat tries to find meaning in his life after he discovers he has terminal cancer.,85148,8.3,Drama,,,1956-03-25,"meaning of life,cancer,death,bureaucrat,playground",Takashi Shimura,Nobuo Kaneko,Shin&apos;ichi Himori,Akira Kurosawa,143
Lawrence of Arabia,,"The story of T.E. Lawrence, the English officer who successfully united and led the diverse, often warring, Arab tribes during World War I in order to fight the Turks.",308314,8.3,Adventure,Biography,Drama,1962-12-11,"desert,arabia,ottoman empire,arab,bedouin",Peter O&apos;Toole,Alec Guinness,Anthony Quinn,David Lean,218
The Apartment,,"A Manhattan insurance clerk tries to rise in his company by letting its executives use his apartment for trysts, but complications and a romance of his own ensue.",192111,8.3,Comedy,Drama,Romance,1960-06-29,"christmas,apartment,mirror,evidence,catching a cold",Jack Lemmon,Shirley MacLaine,Fred MacMurray,Billy Wilder,125
Citizen Kane,,"Following the death of publishing tycoon Charles Foster Kane, reporters scramble to uncover the meaning of his final utterance: &apos;Rosebud.&apos;",459453,8.3,Drama,Mystery,,1941-09-05,"newspaper publisher,rosebud,new york,narcissism,materialism",Orson Welles,Joseph Cotten,Dorothy Comingore,Orson Welles,119
M - Eine Stadt sucht einen Mörder,M,"When the police in a German city are unable to catch a child-murderer, other criminals join in the manhunt.",165715,8.3,Crime,Mystery,Thriller,1931-08-31,"serial killer,murder,loss of daughter,urban setting,whistling",Peter Lorre,Ellen Widmann,Inge Landgut,Fritz Lang,99
North by Northwest,,"A New York City advertising executive goes on the run after being mistaken for a government agent by a group of foreign spies, and falls for a woman whose loyalties he begins to doubt.",340990,8.3,Action,Adventure,Mystery,1959-12-18,"mount rushmore,fugitive,on the run,mistaken identity,spy",Cary Grant,Eva Marie Saint,James Mason,Alfred Hitchcock,136
Vertigo,,"A former San Francisco police detective juggles wrestling with his personal demons and becoming obsessed with the hauntingly beautiful woman he has been hired to trail, who may be deeply disturbed.",419951,8.3,Mystery,Romance,Thriller,1963-05-09,"romantic obsession,san francisco bay,vertigo,1950s,acrophobia",James Stewart,Kim Novak,Barbara Bel Geddes,Alfred Hitchcock,128
Double Indemnity,,"A Los Angeles insurance representative lets an alluring housewife seduce him into a scheme of insurance fraud and murder that arouses the suspicion of his colleague, an insurance investigator.",164732,8.3,Crime,Drama,Film-Noir,1944-07-06,"insurance investigation,femme fatale,infidelity,insurance,murder",Fred MacMurray,Barbara Stanwyck,Edward G. Robinson,Billy Wilder,107
Le fabuleux destin d&apos;Amélie Poulain,Amélie,"Despite being caught in her imaginative world, Amelie, a young waitress, decides to help people find happiness. Her quest to spread joy leads her on a journey where she finds true love.",783479,8.3,Comedy,Romance,,2002-02-08,"female protagonist,voice over narration,france,following someone,female full frontal nudity",Audrey Tautou,Mathieu Kassovitz,Rufus,Jean-Pierre Jeunet,122
Scarface,,"In 1980 Miami, a determined Cuban immigrant takes over a drug cartel and succumbs to greed.",895180,8.3,Crime,Drama,,1983-12-09,"cocaine,gangster,murderer as protagonist,organized crime,criminal as protagonist",Al Pacino,Michelle Pfeiffer,Steven Bauer,Brian De Palma,170
Full Metal Jacket,,A pragmatic U.S. Marine observes the dehumanizing effects the Vietnam War has on his fellow recruits from their brutal boot camp training to the bloody street fighting in Hue.,776620,8.3,Drama,War,,1987-07-10,"military,vietnam war,drill instructor,u.s. marine,boot camp",Matthew Modine,R. Lee Ermey,Vincent D&apos;Onofrio,Stanley Kubrick,116
Incendies,,Twins journey to the Middle East to discover their family history and fulfill their mother&apos;s last wishes.,192066,8.3,Drama,Mystery,War,2011-01-12,"middle east,twin brother and sister,family relationships,university,pregnant from rape",Lubna Azabal,Mélissa Désormeaux-Poulin,Maxim Gaudette,Denis Villeneuve,131
A Clockwork Orange,,"In the future, a sadistic gang leader is imprisoned and volunteers for a conduct-aversion experiment, but it doesn&apos;t go as planned.",866755,8.3,Crime,Sci-Fi,,1972-02-02,"gang,dystopia,sexual assault,sex crime,unprovoked violence",Malcolm McDowell,Patrick Magee,Michael Bates,Stanley Kubrick,136
Heat,,A group of high-end professional thieves start to feel the heat from the LAPD when they unknowingly leave a clue at their latest heist.,701558,8.3,Action,Crime,Drama,1995-12-15,"gun battle,armored car robbery,gunfight,honor,criminal investigation",Al Pacino,Robert De Niro,Val Kilmer,Michael Mann,170
Up,,"78-year-old Carl Fredricksen travels to Paradise Falls in his house equipped with balloons, inadvertently taking a young stowaway.",1101315,8.3,Animation,Adventure,Comedy,2009-05-29,"heartfelt,balloon,talking dog,child in jeopardy,south america",Edward Asner,Jordan Nagai,John Ratzenberger,Pete Docter,96
To Kill a Mockingbird,,"Atticus Finch, a widowed lawyer in Depression-era Alabama, defends a Black man against an undeserved rape charge, and tries to educate his young children against prejudice.",328342,8.3,Crime,Drama,,1963-03-16,"trial,lawyer,based on novel,small town,alabama",Gregory Peck,John Megna,Frank Overton,Robert Mulligan,129
The Sting,,Two grifters team up to pull off the ultimate con.,274905,8.3,Comedy,Crime,Drama,1973-12-25,"con man,illegal activity,playing golf,con artist,chase",Paul Newman,Robert Redford,Robert Shaw,George Roy Hill,129
Hamilton,,"The real life of one of America&apos;s foremost founding fathers and first Secretary of the Treasury, Alexander Hamilton. Captured live on Broadway from the Richard Rodgers Theater with the original Broadway cast.",108547,8.3,Biography,Drama,History,2020-07-03,"alexander hamilton character,american history,epic,shot to death,revolutionary war",Lin-Manuel Miranda,Phillipa Soo,Leslie Odom Jr.,Thomas Kail,160
Jodaeiye Nader az Simin,A Separation,A married couple are faced with a difficult decision - to improve the life of their child by moving to another country or to stay in Iran and look after a deteriorating parent who has Alzheimer&apos;s disease.,254765,8.3,Drama,,,2011-03-16,"divorce,alzheimer&apos;s disease,marital problem,court,stairway",Payman Maadi,Leila Hatami,Sareh Bayat,Asghar Farhadi,123
Indiana Jones and the Last Crusade,,"In 1938, after his father goes missing while pursuing the Holy Grail, Indiana Jones finds himself up against the Nazis again to stop them from obtaining its powers.",797702,8.2,Action,Adventure,,1989-05-24,"holy grail,father son relationship,indiana jones character,revolver,fascism",Harrison Ford,Sean Connery,Alison Doody,Steven Spielberg,127
Metropolis,,"In a futuristic city sharply divided between the working class and the city planners, the son of the city&apos;s mastermind falls in love with a working-class prophet who predicts the coming of a savior to mediate their differences.",182349,8.3,Drama,Sci-Fi,,1927-03-13,"robot,dystopia,class differences,silent film,futuristic",Brigitte Helm,Alfred Abel,Gustav Fröhlich,Fritz Lang,153
Die Hard,,A New York City police officer tries to save his estranged wife and several others taken hostage by terrorists during a Christmas party at the Nakatomi Plaza in Los Angeles.,920732,8.2,Action,Thriller,,1988-07-20,"hostage,one against many,los angeles california,heist,action hero",Bruce Willis,Alan Rickman,Bonnie Bedelia,John McTiernan,132
Taare Zameen Par,Like Stars on Earth,"An eight-year-old boy is thought to be a lazy trouble-maker, until the new art teacher has the patience and compassion to discover the real problem behind his struggles in school.",203142,8.3,Drama,Family,,2007-12-21,"dyslexia,teacher student relationship,against the odds,paint,water",Darsheel Safary,Aamir Khan,Tanay Chheda,Aamir Khan,162
Snatch,,"Unscrupulous boxing promoters, violent bookmakers, a Russian gangster, incompetent amateur robbers and supposedly Jewish jewelers fight to track down a priceless stolen diamond.",893613,8.2,Comedy,Crime,,2001-01-19,"diamond,boxer,narrated by character,cockney accent,ensemble cast",Jason Statham,Brad Pitt,Stephen Graham,Guy Ritchie,102
L.A. Confidential,,"As corruption grows in 1950s Los Angeles, three policemen - one strait-laced, one brutal, and one sleazy - investigate a series of murders with their own brand of justice.",606096,8.2,Crime,Drama,Mystery,1997-09-19,"corruption,neo noir,1950s,murder,call girl",Kevin Spacey,Russell Crowe,Guy Pearce,Curtis Hanson,138
Ladri di biciclette,Bicycle Thieves,"In post-war Italy, a working-class man&apos;s bicycle is stolen, endangering his efforts to find work. He and his son set out to find it.",171936,8.3,Drama,,,1949-12-13,"post world war two italy,bicycle theft,lack of money,bicycle,thief",Lamberto Maggiorani,Enzo Staiola,Lianella Carell,Vittorio De Sica,89
1917,,"April 6th, 1917. As an infantry battalion assembles to wage war deep in enemy territory, two soldiers are assigned to race against time and deliver a message that will stop 1,600 men from walking straight into a deadly trap.",652550,8.2,Action,Drama,War,2020-01-10,"world war one,year 1917,long take,24 hour time span,race against time",Dean-Charles Chapman,George MacKay,Daniel Mays,Sam Mendes,119
Taxi Driver,,"A mentally unstable veteran works as a nighttime taxi driver in New York City, where the perceived decadence and sleaze fuels his urge for violent action.",897262,8.2,Crime,Drama,,1976-02-09,"taxi driver,loner,child prostitution,street life,neo noir",Robert De Niro,Jodie Foster,Cybill Shepherd,Martin Scorsese,114
Der Untergang,Downfall,"Traudl Junge, the final secretary for Adolf Hitler, tells of the Nazi dictator&apos;s final days in his Berlin bunker at the end of WWII.",369599,8.2,Biography,Drama,History,2005-04-08,"bunker,adolf hitler,suicide,world war two,nazi",Bruno Ganz,Alexandra Maria Lara,Ulrich Matthes,Oliver Hirschbiegel,156
Dangal,,Former wrestler Mahavir Singh Phogat and his two wrestler daughters struggle towards glory at the Commonwealth Games in the face of societal oppression.,204518,8.3,Action,Biography,Drama,2016-12-21,"small town,inspirational,father daughter relationship,based on true story,female protagonist",Aamir Khan,Sakshi Tanwar,Fatima Sana Shaikh,Nitesh Tiwari,161
Per qualche dollaro in più,For a Few Dollars More,Two bounty hunters with the same intentions team up to track down an escaped Mexican outlaw.,269409,8.2,Drama,Western,,1967-05-10,"wild west,bounty hunter,rape,mexico,gun shooting",Clint Eastwood,Lee Van Cleef,Gian Maria Volontè,Sergio Leone,132
Batman Begins,,"After witnessing his parents&apos; death, Bruce learns the art of fighting to confront injustice. When he returns to Gotham as Batman, he must stop a secret society that intends to destroy the city.",1547728,8.2,Action,Crime,Drama,2005-06-15,"superhero,social decay,origin of hero,dc comics,batman character",Christian Bale,Michael Caine,Ken Watanabe,Christopher Nolan,140
Top Gun: Maverick,,"After thirty years, Maverick is still pushing the envelope as a top naval aviator, but must confront ghosts of his past when he leads TOP GUN&apos;s elite graduates on a mission that demands the ultimate sacrifice from those chosen to ...",644941,8.3,Action,Drama,,2022-05-27,"fighter jet,aircraft carrier,dogfight,sequel,naval aviation",Tom Cruise,Jennifer Connelly,Miles Teller,Joseph Kosinski,130
Some Like It Hot,,"After two male musicians witness a mob hit, they flee the state in an all-female band disguised as women, but further complications set in.",279070,8.2,Comedy,Music,Romance,1959-03-19,"sex comedy,comedy of errors,1920s,disguise,cross dressing",Marilyn Monroe,Tony Curtis,Jack Lemmon,Billy Wilder,121
The Kid,,"The Tramp cares for an abandoned child, but events put their relationship in jeopardy.",132589,8.2,Comedy,Drama,Family,1921-02-06,"orphan,the little tramp character,baby,boy,1910s",Charles Chaplin,Edna Purviance,Jackie Coogan,Charles Chaplin,68
The Wolf of Wall Street,,"Based on the true story of Jordan Belfort, from his rise to a wealthy stock-broker living the high life to his fall involving crime, corruption and the federal government.",1533366,8.2,Biography,Comedy,Crime,2013-12-25,"based on true story,stockbroker,debauchery,stock manipulation,hot candle wax during sex",Leonardo DiCaprio,Jonah Hill,Margot Robbie,Martin Scorsese,180
The Father,,"A man refuses all assistance from his daughter as he ages. As he tries to make sense of his changing circumstances, he begins to doubt his loved ones, his own mind and even the fabric of his reality.",182166,8.2,Drama,Mystery,,2021-02-26,"dementia,alzheimer&apos;s disease,memory loss,based on play,father daughter relationship",Anthony Hopkins,Olivia Colman,Mark Gatiss,Florian Zeller,97
Green Book,,A working-class Italian-American bouncer becomes the driver for an African-American classical pianist on a tour of venues through the 1960s American South.,544596,8.2,Biography,Comedy,Drama,2018-11-16,"on the road,racism,jail,piano,pianist",Viggo Mortensen,Mahershala Ali,Linda Cardellini,Peter Farrelly,130
All About Eve,,A seemingly timid but secretly ruthless ingénue insinuates herself into the lives of an aging Broadway star and her circle of theater friends.,136851,8.2,Drama,,,1950-10-27,"theater,scheming woman,social climber,social manipulation,psychological manipulation",Bette Davis,Anne Baxter,George Sanders,Joseph L. Mankiewicz,138
Judgment at Nuremberg,,"In 1948, an American court in occupied Germany tries four Nazis judged for war crimes.",82913,8.3,Drama,War,,1961-12-18,"war crimes trial,nuremberg trials,allies occupation of germany,war crimes court,nuremberg germany",Spencer Tracy,Burt Lancaster,Richard Widmark,Stanley Kramer,179
The Truman Show,,An insurance salesman discovers his whole life is actually a reality TV show.,1161417,8.2,Comedy,Drama,,1998-06-05,"hidden camera,simulated reality,fictional reality show,controlled environment,god complex",Jim Carrey,Ed Harris,Laura Linney,Peter Weir,103
There Will Be Blood,,"A story of family, religion, hatred, oil and madness, focusing on a turn-of-the-century prospector in the early days of the business.",627552,8.2,Drama,,,2008-01-25,"misanthrope,oil,loss of hearing,impostor,alcoholism",Daniel Day-Lewis,Paul Dano,Ciarán Hinds,Paul Thomas Anderson,158
Casino,,"In Las Vegas, two best friends - a casino executive and a mafia enforcer - compete for a gambling empire and a fast-living, fast-loving socialite.",551639,8.2,Crime,Drama,,1995-11-22,"crime epic,mafia,gambling,las vegas nevada,casino",Robert De Niro,Sharon Stone,Joe Pesci,Martin Scorsese,178
Shutter Island,,"Teddy Daniels and Chuck Aule, two US marshals, are sent to an asylum on a remote island in order to investigate the disappearance of a patient, where Teddy uncovers a shocking truth about the place.",1414461,8.2,Mystery,Thriller,,2010-02-19,"surprise ending,self delusion,medical experiment,psyche,neo noir",Leonardo DiCaprio,Emily Mortimer,Mark Ruffalo,Martin Scorsese,138
Ran,,"In Medieval Japan, an elderly warlord retires, handing over his empire to his three sons. However, he vastly underestimates how the new-found power will corrupt them and cause them to turn on each other...and him.",133367,8.2,Action,Drama,War,1985-06-01,"nihilism,samurai,castle,sibling rivalry,battle",Tatsuya Nakadai,Akira Terao,Jinpachi Nezu,Akira Kurosawa,160
El laberinto del fauno,Pan&apos;s Labyrinth,"In the Falangist Spain of 1944, the bookish young stepdaughter of a sadistic army officer escapes into an eerie but captivating fantasy world.",693677,8.2,Drama,Fantasy,War,2007-01-19,"fairy,maze,spain,labyrinth,hiding",Ivana Baquero,Ariadna Gil,Sergi López,Guillermo del Toro,118
Jurassic Park,,A pragmatic paleontologist touring an almost complete theme park on an island in Central America is tasked with protecting a couple of kids after a power failure causes the park&apos;s cloned dinosaurs to run loose.,1044531,8.2,Action,Adventure,Sci-Fi,1993-06-11,"dinosaur,scientist,bipedal dinosaur,tyrannosaurus rex,sneeze",Sam Neill,Laura Dern,Jeff Goldblum,Steven Spielberg,127
The Sixth Sense,,"Malcolm Crowe, a child psychologist, starts treating a young boy, Cole, who encounters dead people and convinces him to help them. In turn, Cole helps Malcolm reconcile with his estranged wife.",1033105,8.2,Drama,Mystery,Thriller,1999-08-06,"plot twist,surprise ending,single mother,able to see the dead,ghost",Bruce Willis,Haley Joel Osment,Toni Collette,M. Night Shyamalan,107
Unforgiven,,"Retired Old West gunslinger William Munny reluctantly takes on one last job, with the help of his old partner Ned Logan and a young man, The &quot;Schofield Kid.&quot;",429567,8.2,Drama,Western,,1992-08-07,"revenge,revisionist western,one last job,sadist,gun control",Clint Eastwood,Gene Hackman,Morgan Freeman,Clint Eastwood,130
A Beautiful Mind,,"After John Nash, a brilliant but asocial mathematician, accepts secret work in cryptography, his life takes a turn for the nightmarish.",970704,8.2,Biography,Drama,,2002-01-04,"mental illness,mathematician,schizophrenia,nobel prize,game theory",Russell Crowe,Ed Harris,Jennifer Connelly,Ron Howard,135
No Country for Old Men,,Violence and mayhem ensue after a hunter stumbles upon a drug deal gone wrong and more than two million dollars in cash near the Rio Grande.,1034603,8.2,Crime,Drama,Thriller,2007-11-21,"neo western,texas,contemporary western,neo noir,sheriff",Tommy Lee Jones,Javier Bardem,Josh Brolin,Ethan Coen,122
The Treasure of the Sierra Madre,,Two down-on-their-luck Americans searching for work in 1920s Mexico convince an old prospector to help them mine for gold in the Sierra Madre Mountains.,130614,8.2,Adventure,Drama,Western,1948-01-24,"mexico,gold,expatriate,beggar,gold digger",Humphrey Bogart,Walter Huston,Tim Holt,John Huston,126
Yôjinbô,Yojimbo,A crafty ronin comes to a town divided by two criminal gangs and decides to play them against each other to free the town.,129044,8.2,Action,Drama,Thriller,1961-09-13,"samurai,gang war,tough guy,revolver,bodyguard",Toshirô Mifune,Eijirô Tôno,Tatsuya Nakadai,Akira Kurosawa,110
Kill Bill: Vol. 1,,"After awakening from a four-year coma, a former assassin wreaks vengeance on the team of assassins who betrayed her.",1168832,8.2,Action,Crime,Thriller,2003-10-10,"revenge,female protagonist,female warrior,original story,female bare feet",Uma Thurman,David Carradine,Daryl Hannah,Quentin Tarantino,111
The Thing,,A research team in Antarctica is hunted by a shape-shifting alien that assumes the appearance of its victims.,455239,8.2,Horror,Mystery,Sci-Fi,1982-06-25,"isolation,antarctica,paranoia,alien creature,shapeshifting",Kurt Russell,Wilford Brimley,Keith David,John Carpenter,109
Monty Python and the Holy Grail,,"King Arthur and his Knights of the Round Table embark on a surreal, low-budget search for the Holy Grail, encountering many, very silly obstacles.",562401,8.2,Adventure,Comedy,Fantasy,1975-05-25,"holy grail,monty python,killer rabbit,knight,camelot",Graham Chapman,John Cleese,Eric Idle,Terry Gilliam,91
The Great Escape,,Allied prisoners of war plan for several hundred of their number to escape from a German camp during World War II.,255017,8.2,Adventure,Drama,History,1963-07-04,"escape from prison,escape,nazi germany,world war two,1940s",Steve McQueen,James Garner,Richard Attenborough,John Sturges,172
Finding Nemo,,"After his son is captured in the Great Barrier Reef and taken to Sydney, a timid clownfish sets out on a journey to bring him home.",1092696,8.2,Animation,Adventure,Comedy,2003-05-30,"pufferfish,nemo the clownfish character,blood,shark,short term memory loss",Albert Brooks,Ellen DeGeneres,Alexander Gould,Andrew Stanton,100
Rashômon,Rashomon,"The rape of a bride and the murder of her samurai husband are recalled from the perspectives of a bandit, the bride, the samurai&apos;s ghost and a woodcutter.",177186,8.2,Crime,Drama,Mystery,1951-12-26,"unreliable narration,medium,contradictory accounts,multiple perspectives,rape",Toshirô Mifune,Machiko Kyô,Masayuki Mori,Akira Kurosawa,88
The Elephant Man,,"A Victorian surgeon rescues a heavily disfigured man who is mistreated while scraping a living as a side-show freak. Behind his monstrous façade, there is revealed a person of kindness, intelligence and sophistication.",254004,8.2,Biography,Drama,,1980-10-10,"dignity,disability,human exploitation,hospital,psychological torture",Anthony Hopkins,John Hurt,Anne Bancroft,David Lynch,124
Chinatown,,"A private detective hired to expose an adulterer in 1930s Los Angeles finds himself caught up in a web of deceit, corruption, and murder.",343046,8.2,Drama,Mystery,Thriller,1974-06-20,"neo noir,private detective,detective,femme fatale,domestic violence",Jack Nicholson,Faye Dunaway,John Huston,Roman Polanski,130
Hauru no ugoku shiro,Howl&apos;s Moving Castle,"When an unconfident young woman is cursed with an old body by a spiteful witch, her only chance of breaking the spell lies with a self-indulgent yet insecure young wizard and his companions in his legged, walking castle.",431510,8.2,Animation,Adventure,Family,2005-06-17,"studio ghibli,castle,witch,wizard,steampunk",Chieko Baishô,Takuya Kimura,Tatsuya Gashûin,Hayao Miyazaki,119
Dial M for Murder,,A former tennis star arranges the murder of his adulterous wife.,185365,8.2,Crime,Thriller,,1954-05-29,"blackmail,key,wrongful conviction,capital punishment,framed for murder",Ray Milland,Grace Kelly,Robert Cummings,Alfred Hitchcock,105
Gone with the Wind,,A sheltered and manipulative Southern belle and a roguish profiteer face off in a turbulent romance as the society around them crumbles with the end of slavery and is rebuilt during the Civil War and Reconstruction periods.,328893,8.2,Drama,Romance,War,1940-01-17,"based on novel,american civil war,narcissism,black stereotype,narcissistic personality disorder",Clark Gable,Vivien Leigh,Thomas Mitchell,Victor Fleming,238
Prisoners,,"When Keller Dover&apos;s daughter and her friend go missing, he takes matters into his own hands as the police pursue multiple leads and the pressure mounts.",782651,8.1,Crime,Drama,Mystery,2013-09-20,"child abduction,sex offender,police,vigilante justice,child kidnapping",Hugh Jackman,Jake Gyllenhaal,Viola Davis,Denis Villeneuve,153
V for Vendetta,,"In a future British dystopian society, a shadowy freedom fighter, known only by the alias of &quot;V&quot;, plots to overthrow the tyrannical government - with the help of a young woman.",1163197,8.2,Action,Drama,Sci-Fi,2006-03-17,"revolution,dystopia,fascist,freedom,vigilante",Hugo Weaving,Natalie Portman,Rupert Graves,James McTeigue,132
Raging Bull,,"The life of boxer Jake LaMotta, whose violence and temper that led him to the top in the ring destroyed his life outside of it.",372911,8.1,Biography,Drama,Sport,1980-12-19,"jealousy,new york city,dysfunctional family,marriage crisis,domestic violence",Robert De Niro,Cathy Moriarty,Joe Pesci,Martin Scorsese,129
"Lock, Stock and Two Smoking Barrels",,"Eddy persuades his three pals to pool money for a vital poker game against a powerful local mobster, Hatchet Harry. Eddy loses, after which Harry gives him a week to pay back 500,000 pounds.",607005,8.1,Action,Comedy,Crime,1998-08-28,"gangster,dark comedy,violence,united kingdom,shotgun",Jason Flemyng,Dexter Fletcher,Nick Moran,Guy Ritchie,107
El secreto de sus ojos,The Secret in Their Eyes,A retired legal counselor writes a novel hoping to find closure for one of his past unresolved homicide cases and for his unreciprocated love with his superior - both of which still haunt him decades later.,218960,8.2,Drama,Mystery,Romance,2010-05-21,"soccer game,argentina,internal conflict,photograph,alcohol",Ricardo Darín,Soledad Villamil,Pablo Rago,Juan José Campanella,129
Inside Out,,"After young Riley is uprooted from her Midwest life and moved to San Francisco, her emotions - Joy, Fear, Anger, Disgust and Sadness - conflict on how best to navigate a new city, house, and school.",764646,8.1,Animation,Adventure,Comedy,2015-06-19,"joy,sadness,anger,memory,running away",Amy Poehler,Bill Hader,Lewis Black,Pete Docter,95
Spider-Man: No Way Home,,"With Spider-Man&apos;s identity now revealed, Peter asks Doctor Strange for help. When a spell goes wrong, dangerous foes from other worlds start to appear, forcing Peter to discover what it truly means to be Spider-Man.",847138,8.2,Action,Adventure,Fantasy,2021-12-17,"spider man character,superhero,marvel cinematic universe,multiverse,green goblin character",Tom Holland,Zendaya,Benedict Cumberbatch,Jon Watts,148
"Three Billboards Outside Ebbing, Missouri",,A mother personally challenges the local authorities to solve her daughter&apos;s murder when they fail to catch the culprit.,541974,8.1,Comedy,Crime,Drama,2017-12-01,"billboard,police brutality,small town,death of daughter,ambiguous ending",Frances McDormand,Woody Harrelson,Sam Rockwell,Martin McDonagh,115
Trainspotting,,"Renton, deeply immersed in the Edinburgh drug scene, tries to clean up and get out despite the allure of drugs and the influence of friends.",714693,8.1,Drama,,,1996-08-09,"filthy toilet,scotland,male nudity,drugs,drug culture",Ewan McGregor,Ewen Bremner,Jonny Lee Miller,Danny Boyle,93
The Bridge on the River Kwai,,"British POWs are forced to build a railway bridge across the river Kwai for their Japanese captors in occupied Burma, not knowing that the allied forces are planning a daring commando raid through the jungle to destroy it.",230173,8.1,Adventure,Drama,War,1957-12-14,"bridge,british soldier,japanese soldier,brutality,bridge construction",William Holden,Alec Guinness,Jack Hawkins,David Lean,161
Fargo,,Minnesota car salesman Jerry Lundegaard&apos;s inept crime falls apart due to his and his henchmen&apos;s bungling and the persistent police work of the quite pregnant Marge Gunderson.,709951,8.1,Crime,Thriller,,1996-04-05,"dark comedy,botched crime,snow,fargo north dakota,cult film",William H. Macy,Frances McDormand,Steve Buscemi,Joel Coen,98
Warrior,,"The youngest son of an alcoholic former boxer returns home, where he&apos;s trained by his father for competition in a mixed martial arts tournament - a path that puts the fighter on a collision course with his estranged, older brother.",490876,8.1,Action,Drama,Sport,2011-09-09,"brother brother relationship,father son relationship,tournament,martial arts tournament,mixed martial arts",Tom Hardy,Nick Nolte,Joel Edgerton,Gavin O&apos;Connor,140
Catch Me If You Can,,"Barely 21 yet, Frank is a skilled forger who has passed as a doctor, lawyer and pilot. FBI agent Carl becomes obsessed with tracking down the con man, who only revels in the pursuit.",1063157,8.1,Biography,Crime,Drama,2002-12-25,"impostor,deception,fraud,forgery,race against time",Leonardo DiCaprio,Tom Hanks,Christopher Walken,Steven Spielberg,141
Gran Torino,,"After a Hmong teenager tries to steal his prized 1972 Gran Torino, a disgruntled, prejudiced Korean War veteran seeks to redeem both the boy and himself.",803876,8.1,Drama,,,2009-01-09,"widower,gang,teenager,street gang,gang rape",Clint Eastwood,Bee Vang,Christopher Carley,Clint Eastwood,116
Klaus,,"A simple act of kindness always sparks another, even in a frozen, faraway place. When Smeerensburg&apos;s new postman, Jesper, befriends toymaker Klaus, their gifts melt an age-old feud and deliver a sleigh full of holiday traditions.",175989,8.2,Animation,Adventure,Comedy,2019-11-15,"christmas,santa,friendship,forest,snow adventure",Jason Schwartzman,J.K. Simmons,Rashida Jones,Sergio Pablos,96
Tonari no Totoro,My Neighbor Totoro,"When two girls move to the country to be near their ailing mother, they have adventures with the wondrous forest spirits who live nearby.",367050,8.1,Animation,Comedy,Family,1990-07-13,"sister sister relationship,studio ghibli,father daughter relationship,sick mother,child protagonist",Hitoshi Takagi,Noriko Hidaka,Chika Sakamoto,Hayao Miyazaki,86
Million Dollar Baby,,"Frankie, an ill-tempered old coach, reluctantly agrees to train aspiring boxer Maggie. Impressed with her determination and talent, he helps her become the best and the two soon form a close bond.",712074,8.1,Drama,Sport,,2005-01-28,"boxing,determination,women boxing,boxing trainer,death",Hilary Swank,Clint Eastwood,Morgan Freeman,Clint Eastwood,132
Harry Potter and the Deathly Hallows - Part 2,Harry Potter and the Deathly Hallows: Part 2,"Harry, Ron, and Hermione search for Voldemort&apos;s remaining Horcruxes in their effort to destroy the Dark Lord as the final battle rages on at Hogwarts.",927066,8.1,Adventure,Family,Fantasy,2011-07-15,"friendship,snake,ginny weasley character,lucius malfoy character,hermione granger character",Daniel Radcliffe,Emma Watson,Rupert Grint,David Yates,130
Bacheha-Ye aseman,Children of Heaven,"After a boy loses his sister&apos;s pair of shoes, he goes on a series of adventures in order to find them. When he can&apos;t, he tries a new way to &quot;win&quot; a new pair.",79066,8.2,Drama,Family,Sport,1999-01-22,"lost shoe,tehran iran,brother sister relationship,slow motion scene,race",Mohammad Amir Naji,Amir Farrokh Hashemian,Bahare Seddiqi,Majid Majidi,89
Blade Runner,,A blade runner must pursue and terminate four replicants who stole a ship in space and have returned to Earth to find their creator.,807786,8.1,Action,Drama,Sci-Fi,1982-06-25,"tech noir,cyberpunk,police detective,dystopia,existentialism",Harrison Ford,Rutger Hauer,Sean Young,Ridley Scott,117
12 Years a Slave,,"In the antebellum United States, Solomon Northup, a free black man from upstate New York, is abducted and sold into slavery.",730347,8.1,Biography,Drama,History,2013-11-08,"kidnapping,racism,separation from family,torture,whipping",Chiwetel Ejiofor,Michael Kenneth Williams,Michael Fassbender,Steve McQueen,134
Before Sunrise,,"A young man and woman meet on a train in Europe, and wind up spending one evening together in Vienna. Unfortunately, both know that this will probably be their only night together.",331416,8.1,Drama,Romance,,1995-01-27,"conversations,train,tourist,kiss,eurail pass",Ethan Hawke,Julie Delpy,Andrea Eckert,Richard Linklater,101
The Grand Budapest Hotel,,"A writer encounters the owner of an aging high-class hotel, who tells him of his early years serving as a lobby boy in the hotel&apos;s glorious years under an exceptional concierge.",867742,8.1,Adventure,Comedy,Crime,2014-03-28,"hotel,lobby boy,painting,first person narration,mentor protege relationship",Ralph Fiennes,F. Murray Abraham,Mathieu Amalric,Wes Anderson,99
Ben-Hur,,"After a Jewish prince is betrayed and sent into slavery by a Roman friend in 1st-century Jerusalem, he regains his freedom and comes back for revenge.",249695,8.1,Adventure,Drama,,1959-11-18,"talking to a horse,leprosy,roman empire,false accusation,whip",Charlton Heston,Jack Hawkins,Stephen Boyd,William Wyler,212
The Gold Rush,,"A prospector goes to the Klondike during the 1890s gold rush in hopes of making his fortune, and is smitten with a girl he sees in a dance hall.",116728,8.1,Adventure,Comedy,Drama,1925-07-13,"klondike,klondike gold rush,national film registry,1890s,little tramp",Charles Chaplin,Mack Swain,Tom Murray,Charles Chaplin,95
Barry Lyndon,,An Irish rogue wins the heart of a rich widow and assumes her dead husband&apos;s aristocratic position in 18th-century England.,179031,8.1,Adventure,Drama,War,1975-12-18,"18th century,gambler,stepfather stepson conflict,voice over narration,social climber",Ryan O&apos;Neal,Marisa Berenson,Patrick Magee,Stanley Kubrick,185
Gone Girl,,"With his wife&apos;s disappearance having become the focus of an intense media circus, a man sees the spotlight turned on him when it&apos;s suspected that he may not be innocent.",1042510,8.1,Drama,Mystery,Thriller,2014-10-03,"missing person,disappearance,murder suspect,husband wife relationship,based on novel",Ben Affleck,Rosamund Pike,Neil Patrick Harris,David Fincher,149
Hacksaw Ridge,,"World War II American Army Medic Desmond T. Doss, serving during the Battle of Okinawa, refuses to kill people and becomes the first man in American history to receive the Medal of Honor without firing a shot.",576170,8.1,Biography,Drama,History,2016-11-04,"world war two,conscientious objector,soldier,medic,1940s",Andrew Garfield,Sam Worthington,Luke Bracey,Mel Gibson,139
In the Name of the Father,,A man&apos;s coerced confession to an I.R.A. bombing he did not commit results in the imprisonment of his father as well. An English lawyer fights to free them.,184090,8.1,Biography,Crime,Drama,1994-02-25,"father son relationship,based on true story,male nudity,ireland,prison",Daniel Day-Lewis,Pete Postlethwaite,Alison Crosbie,Jim Sheridan,133
On the Waterfront,,"An ex-prize fighter turned New Jersey longshoreman struggles to stand up to his corrupt union bosses, including his older brother, as he starts to connect with the grieving sister of one of the syndicate&apos;s victims.",161946,8.1,Crime,Drama,Thriller,1954-06-22,"organized crime,dockworker,murder,longshoreman,waterfront",Marlon Brando,Karl Malden,Lee J. Cobb,Elia Kazan,108
Salinui chueok,Memories of Murder,"In a small Korean province in 1986, two detectives struggle with the case of multiple young women being found raped and murdered by an unknown culprit.",207466,8.1,Crime,Drama,Mystery,2003-05-02,"1980s,neo noir,police,anti hero,criminal investigation",Song Kang-ho,Kim Sang-kyung,Roe-ha Kim,Bong Joon Ho,132
The General,,"After being rejected by the Confederate military, not realizing it was due to his crucial civilian role, an engineer must single-handedly recapture his beloved locomotive after it is seized by Union spies and return it through ene...",96455,8.1,Action,Adventure,Comedy,1927-01-02,"train,confederate army,civil war,national film registry,army",Buster Keaton,Marion Mack,Glen Cavender,Clyde Bruckman,78
The Deer Hunter,,An in-depth examination of the ways in which the Vietnam War impacts and disrupts the lives of several friends in a small steel mill town in Pennsylvania.,355716,8.1,Drama,War,,1979-02-23,"russian roulette,vietnam war veteran,vietnam war,wedding reception,soldier",Robert De Niro,Christopher Walken,John Cazale,Michael Cimino,183
Relatos salvajes,Wild Tales,Six short stories that explore the extremities of human behavior involving people in distress.,211751,8.1,Comedy,Drama,Thriller,2014-08-21,"anthology film,suicide by airplane crash,revenge,wedding party,road rage",Darío Grandinetti,María Marull,Mónica Villa,Damián Szifron,122
Smultronstället,Wild Strawberries,"After living a life marked by coldness, an aging professor is forced to confront the emptiness of his existence.",112914,8.1,Drama,Romance,,1959-06-22,"professor,road movie,nostalgia,dream,swedish summer",Victor Sjöström,Bibi Andersson,Ingrid Thulin,Ingmar Bergman,91
Dead Poets Society,,"Maverick teacher John Keating returns in 1959 to the prestigious New England boys&apos; boarding school where he was once a star student, using poetry to embolden his pupils to new heights of self-expression.",529333,8.1,Comedy,Drama,,1989-06-09,"education,suicide,free thinking,puberty,literature",Robin Williams,Robert Sean Leonard,Ethan Hawke,Peter Weir,128
The Third Man,,"Pulp novelist Holly Martins travels to shadowy, postwar Vienna, only to find himself investigating the mysterious death of an old friend, Harry Lime.",179041,8.1,Film-Noir,Mystery,Thriller,1949-09-03,"post world war two,expatriate,faking one&apos;s death,british noir,cult favorite",Orson Welles,Joseph Cotten,Alida Valli,Carol Reed,93
Le salaire de la peur,The Wages of Fear,"In a decrepit South American village, four men are hired to transport an urgent nitroglycerine shipment without the equipment that would make it safe.",65100,8.2,Adventure,Drama,Thriller,1955-02-16,"oil company,unemployment,oil,risk,vibration",Yves Montand,Charles Vanel,Peter van Eyck,Henri-Georges Clouzot,131
Mad Max: Fury Road,,"In a post-apocalyptic wasteland, a woman rebels against a tyrannical ruler in search for her homeland with the aid of a group of female prisoners, a psychotic worshiper and a drifter named Max.",1059448,8.1,Action,Adventure,Sci-Fi,2015-05-15,"post apocalypse,desert,car chase,escape,chase",Tom Hardy,Charlize Theron,Nicholas Hoult,George Miller,120
Sherlock Jr.,,"A film projectionist longs to be a detective, and puts his meagre skills to work when he is framed by a rival for stealing his girlfriend&apos;s father&apos;s pocketwatch.",55053,8.2,Action,Comedy,Romance,1924-05-11,"false accusation,dream,surrealism,national film registry,character name as title",Buster Keaton,Kathryn McGuire,Joe Keaton,Buster Keaton,45
"Monsters, Inc.",,"In order to power the city, monsters have to scare children so that they scream. However, the children are toxic to the monsters, and after a child gets through, two monsters realize things may not be what they think.",958776,8.1,Animation,Adventure,Comedy,2001-11-02,"monster world,monster,human nonhuman relationship,portal door,scream",Billy Crystal,John Goodman,Mary Gibbs,Pete Docter,92
Mr. Smith Goes to Washington,,"A naive youth leader is appointed to fill a vacancy in the U.S. Senate. His idealistic plans promptly collide with corruption at home and subterfuge from his hero in Washington, but he tries to forge ahead despite attacks on his c...",119802,8.1,Comedy,Drama,,1939-10-19,"place name in title,washington d.c.,filibuster,national film registry,afi",James Stewart,Jean Arthur,Claude Rains,Frank Capra,129
Jaws,,"When a killer shark unleashes chaos on a beach community off Cape Cod, it&apos;s up to a local sheriff, a marine biologist, and an old seafarer to hunt the beast down.",646774,8.1,Adventure,Mystery,Thriller,1975-06-20,"shark,great white shark,shark attack,beach,loss of son",Roy Scheider,Robert Shaw,Richard Dreyfuss,Steven Spielberg,124
How to Train Your Dragon,,"A hapless young Viking who aspires to hunt dragons becomes the unlikely friend of a young dragon himself, and learns there may be more to the creatures than he assumed.",783070,8.1,Animation,Action,Adventure,2010-03-26,"dragon,viking,father son relationship,village,dreamworks",Jay Baruchel,Gerard Butler,Christopher Mintz-Plasse,Dean DeBlois,98
Mary and Max.,Mary and Max,"A tale of friendship between two unlikely pen pals: Mary, a lonely, eight-year-old girl living in the suburbs of Melbourne, and Max, a forty-four-year old, severely obese man living in New York.",184335,8.1,Animation,Comedy,Drama,2009-04-09,"stop motion,unlikely friendship,friendship,stop motion animation,asperger&apos;s syndrome",Toni Collette,Philip Seymour Hoffman,Eric Bana,Adam Elliot,92
Ford v Ferrari,,American car designer Carroll Shelby and driver Ken Miles battle corporate interference and the laws of physics to build a revolutionary race car for Ford in order to defeat Ferrari at the 24 Hours of Le Mans in 1966.,446320,8.1,Action,Biography,Drama,2019-11-15,"based on true story,car racing,24 hours le mans race,motor sports,racecar",Matt Damon,Christian Bale,Jon Bernthal,James Mangold,152
Det sjunde inseglet,The Seventh Seal,"A knight returning to Sweden after the Crusades seeks answers about life, death, and the existence of God as he plays chess against the Grim Reaper during the Black Plague.",194972,8.1,Drama,Fantasy,,1958-10-13,"chess,death,knight,death personified,church",Max von Sydow,Gunnar Björnstrand,Bengt Ekerot,Ingmar Bergman,96
Room,,"A little boy is held captive in a room with his mother since his birth, so he has never known the world outside.",442468,8.1,Drama,Thriller,,2016-01-22,"escape,kidnapping,mother son relationship,unlawful confinement,locked in a room",Brie Larson,Jacob Tremblay,Sean Bridgers,Lenny Abrahamson,118
The Big Lebowski,,"Jeff &quot;The Dude&quot; Lebowski, mistaken for a millionaire of the same name, seeks restitution for his ruined rug and enlists his bowling buddies to help get it.",846037,8.1,Comedy,Crime,,1998-03-06,"rug,nihilism,bowling alley,mistaken identity,cult film",Jeff Bridges,John Goodman,Julianne Moore,Joel Coen,117
Ratatouille,,A rat who can cook makes an unusual alliance with a young kitchen worker at a famous Paris restaurant.,799625,8.1,Animation,Adventure,Comedy,2007-06-27,"rat,chef,ratatouille,old woman,mousetrap",Brad Garrett,Lou Romano,Patton Oswalt,Brad Bird,111
Tôkyô monogatari,Tokyo Story,"An old couple visit their children and grandchildren in the city, but receive little attention.",66695,8.1,Drama,,,1972-03-13,"old man,old woman,deathbed,houseguest,affection",Chishû Ryû,Chieko Higashiyama,Sô Yamamura,Yasujirô Ozu,136
Rocky,,A small-time Philadelphia boxer gets a supremely rare chance to fight the world heavyweight champion in a bout in which he strives to go the distance for his self-respect.,616079,8.1,Drama,Sport,,1976-12-03,"famous score,fist,boxing,rocky balboa character,low budget film",Sylvester Stallone,Talia Shire,Burt Young,John G. Avildsen,120
Hotel Rwanda,,"Paul Rusesabagina, a hotel manager, houses over a thousand Tutsi refugees during their struggle against the Hutu militia in Rwanda, Africa.",367840,8.1,Biography,Drama,History,2005-02-04,"rwanda,brutality,hatred,mass killing,female rear nudity",Don Cheadle,Sophie Okonedo,Joaquin Phoenix,Terry George,121
Logan,,"In a future where mutants are nearly extinct, an elderly and weary Logan leads a quiet life. But when Laura, a mutant child pursued by scientists, comes to him for help, he must get her to safety.",812131,8.1,Action,Drama,Sci-Fi,2017-03-03,"marvel comics,x men,mutant,superhero,reluctant hero",Hugh Jackman,Patrick Stewart,Dafne Keen,James Mangold,137
Spotlight,,"The true story of how the Boston Globe uncovered the massive scandal of child molestation and cover-up within the local Catholic Archdiocese, shaking the entire Catholic Church to its core.",493652,8.1,Biography,Crime,Drama,2015-11-20,"investigation,child molestation,sexual abuse,catholic church,cover up",Mark Ruffalo,Michael Keaton,Rachel McAdams,Tom McCarthy,129
Platoon,,"Chris Taylor, a neophyte recruit in Vietnam, finds himself caught in a battle of wills between two sergeants, one good and the other evil. A shrewd examination of the brutality of war and the duality of man in conflict.",431678,8.1,Drama,War,,1987-02-06,"vietnam war,gore,american war crimes,combat fatigue,tropics",Charlie Sheen,Tom Berenger,Willem Dafoe,Oliver Stone,120
La passion de Jeanne d&apos;Arc,The Passion of Joan of Arc,"In 1431, Jeanne d&apos;Arc is placed on trial on charges of heresy. The ecclesiastical jurists attempt to force Jeanne to recant her claims of holy visions.",59234,8.1,Biography,Drama,History,1928-10-25,"trial,close up scene,martyrdom,character name in title,15th century",Maria Falconetti,Eugene Silvain,André Berley,Carl Theodor Dreyer,114
The Terminator,,"A human soldier is sent from 2029 to 1984 to stop an almost indestructible cyborg killing machine, sent from the same year, which has been programmed to execute a young woman whose unborn son is the key to humanity&apos;s future salvat...",907802,8.1,Action,Sci-Fi,,1984-10-26,"time travel,cyborg,loss of loved one,robotics,future war",Arnold Schwarzenegger,Linda Hamilton,Michael Biehn,James Cameron,107
Jai Bhim,,"When a tribal man is arrested for a case of alleged theft, his wife turns to a human-rights lawyer to help bring justice.",212932,8.7,Crime,Drama,Mystery,2021-11-02,"lawyer,courtroom,poverty,human rights,justice",Suriya,Lijo Mol Jose,Manikandan K.,T.J. Gnanavel,164
Before Sunset,,"Nine years after Jesse and Celine first met, they encounter each other again on the French leg of Jesse&apos;s book tour.",282070,8.1,Drama,Romance,,2004-07-30,"conversations,brief encounter,sequel,dialogue driven,enduring relationship",Ethan Hawke,Julie Delpy,Vernon Dobtcheff,Richard Linklater,80
Rush,,The merciless 1970s rivalry between Formula One rivals James Hunt and Niki Lauda.,504033,8.1,Action,Biography,Drama,2013-09-27,"formula 1,rivalry,1970s,racecar driver,nurburgring germany",Daniel Brühl,Chris Hemsworth,Olivia Wilde,Ron Howard,123
Network,,"A television network cynically exploits a deranged former anchor&apos;s ravings and revelations about the news media for its own profit, but finds that his message may be difficult to control.",167159,8.1,Drama,,,1976-11-27,"media,television,television network,tv news,ranting",Faye Dunaway,William Holden,Peter Finch,Sidney Lumet,121
The Best Years of Our Lives,,"Three World War II veterans, two of them traumatized or disabled, return home to the American midwest to discover that they and their families have been irreparably changed.",69094,8.1,Drama,Romance,War,1947-05-29,"readjusting to civilian life,world war two veteran,banker,speech,bombardier",Myrna Loy,Dana Andrews,Fredric March,William Wyler,170
The Exorcist,,"When a young girl is possessed by a mysterious entity, her mother seeks the help of two Catholic priests to save her life.",445833,8.1,Horror,,,1973-12-26,"exorcist,exorcism,demonic possession,holy water,crucifix",Ellen Burstyn,Max von Sydow,Linda Blair,William Friedkin,122
Stand by Me,,"After the death of his childhood best friend, a writer recounts a childhood journey with his friends to find the body of a missing boy.",431710,8.1,Adventure,Comedy,Drama,1986-08-22,"camping,coming of age,1950s,on the road,friendship",Wil Wheaton,River Phoenix,Corey Feldman,Rob Reiner,89
La haine,,24 hours in the lives of three young men in the French suburbs the day after a violent riot.,190344,8.1,Crime,Drama,,1996-02-23,"gun,ghetto,riot,riot police,24 hour time span",Vincent Cassel,Hubert Koundé,Saïd Taghmaoui,Mathieu Kassovitz,98
Pirates of the Caribbean: The Curse of the Black Pearl,,"Blacksmith Will Turner teams up with eccentric pirate &quot;Captain&quot; Jack Sparrow to save his love, the governor&apos;s daughter, from Jack&apos;s former pirate allies, who are now undead.",1185475,8.1,Action,Adventure,Fantasy,2003-07-09,"pirate,curse,undead,rum,captain jack sparrow character",Johnny Depp,Geoffrey Rush,Orlando Bloom,Gore Verbinski,143
The Wizard of Oz,,"Young Dorothy Gale and her dog Toto are swept away by a tornado from their Kansas farm to the magical Land of Oz, and embark on a quest with three new friends to see the Wizard, who can return her to her home and fulfill the other...",420488,8.1,Adventure,Family,Fantasy,1939-08-25,"witch,tornado,wizard of oz,wizard,kansas",Judy Garland,Frank Morgan,Ray Bolger,Victor Fleming,102
The Incredibles,,"While trying to lead a quiet suburban life, a family of undercover superheroes are forced into action to save the world.",788161,8.0,Animation,Action,Adventure,2004-11-05,"superhero family,superhero,non comic book superhero,strong female character,good versus evil",Craig T. Nelson,Samuel L. Jackson,Holly Hunter,Brad Bird,115
Into the Wild,,"After graduating from Emory University, top student and athlete Christopher McCandless abandons his possessions, gives his entire $24,000 savings account to charity and hitchhikes to Alaska to live in the wilderness. Along the way...",647926,8.1,Adventure,Biography,Drama,2007-10-19,"wilderness,alaska,death of protagonist,self discovery,based on true story",Emile Hirsch,Vince Vaughn,Catherine Keener,Sean Penn,148
Hachi: A Dog&apos;s Tale,,A college professor bonds with an abandoned dog he takes into his home.,304172,8.1,Biography,Drama,Family,2010-03-12,"dog,japanese,loyalty,waiting,human animal relationship",Richard Gere,Joan Allen,Cary-Hiroyuki Tagawa,Lasse Hallström,93
Ah-ga-ssi,The Handmaiden,"A woman is hired as a handmaiden to a Japanese heiress, but secretly she is involved in a plot to defraud her.",166095,8.1,Drama,Romance,Thriller,2017-09-02,"lesbianism,female nudity,lesbian sex,repeated scene from a different perspective,erotic book",Kim Min-hee,Ha Jung-woo,Cho Jin-woong,Park Chan-wook,145
To Be or Not to Be,,"During the Nazi occupation of Poland, an acting troupe becomes embroiled in a Polish soldier&apos;s efforts to track down a German spy.",41621,8.2,Comedy,Romance,War,1942-03-06,"screwball comedy,reference to william shakespeare,beard,world war two,reference to adolf hitler",Carole Lombard,Jack Benny,Robert Stack,Ernst Lubitsch,99
Babam ve Oglum,My Father and My Son,The family of a left-wing journalist is torn apart after the military coup of Turkey in 1980.,90610,8.2,Drama,Family,,2005-11-18,"village,grandfather grandson relationship,father son relationship,right wing,right winger",Çetin Tekindor,Fikret Kuskan,Hümeyra,Çagan Irmak,112
Groundhog Day,,"A narcissistic, self-centered weatherman finds himself in a time loop on Groundhog Day.",669154,8.0,Comedy,Drama,Fantasy,1993-02-12,"trapped in a time loop,time loop,groundhog day,existentialism,punxsutawney pennsylvania",Bill Murray,Andie MacDowell,Chris Elliott,Harold Ramis,101
La battaglia di Algeri,The Battle of Algiers,"In the 1950s, fear and violence escalate as the people of Algiers fight for independence from the French government.",64344,8.1,Drama,War,,1967-09-20,"battle of algiers,torture,algeria,resistance,struggle for independence",Brahim Hadjadj,Jean Martin,Yacef Saadi,Gillo Pontecorvo,121
The Grapes of Wrath,,"An Oklahoma family, driven off their farm by the poverty and hopelessness of the Dust Bowl, joins the westward migration to California, suffering the misfortunes of the homeless in the Great Depression.",98404,8.1,Drama,,,1940-03-15,"great depression,based on novel,capitalism,national film registry,bakersfield california",Henry Fonda,Jane Darwell,John Carradine,John Ford,129
Amores perros,Amores Perros,"A horrific car accident connects three stories, each involving characters dealing with loss, regret, and life&apos;s harsh realities, all in the name of love.",249977,8.1,Drama,Thriller,,2001-04-13,"multiple perspectives,mexico city,nonlinear timeline,interlinked stories,dog fight",Emilio Echevarría,Gael García Bernal,Goya Toledo,Alejandro G. Iñárritu,154
The Sound of Music,,A young novice is sent by her convent in 1930s Austria to become a governess to the seven children of a widowed naval officer.,252447,8.1,Biography,Drama,Family,1965-04-01,"third reich,stepmother,singing family,nazi,singing nun",Julie Andrews,Christopher Plummer,Eleanor Parker,Robert Wise,172
Rebecca,,A self-conscious woman juggles adjusting to her new role as an aristocrat&apos;s wife and avoiding being intimidated by his first wife&apos;s spectral presence.,144186,8.1,Drama,Film-Noir,Mystery,1940-04-12,"widower,marriage,older man younger woman relationship,haunted by the past,housekeeper",Laurence Olivier,Joan Fontaine,George Sanders,Alfred Hitchcock,130
Cool Hand Luke,,"A laid-back Southern man is sentenced to two years in a rural prison, but refuses to conform.",185910,8.1,Crime,Drama,,1967-11-01,"prison,fugitive,escape,bet,hard boiled egg",Paul Newman,George Kennedy,Strother Martin,Stuart Rosenberg,127
The Iron Giant,,A young boy befriends a giant robot from outer space that a paranoid government agent wants to destroy.,219672,8.1,Animation,Action,Adventure,1999-08-06,"giant robot,1950s,government agent,friendship,small town",Eli Marienthal,Harry Connick Jr.,Jennifer Aniston,Brad Bird,86
The Help,,"An aspiring author during the civil rights movement of the 1960s decides to write a book detailing the African American maids&apos; point of view on the white families for which they work, and the hardships they go through on a daily b...",483604,8.1,Drama,,,2011-08-10,"chocolate pie,writer,first job,expectant mother,pregnant woman",Viola Davis,Emma Stone,Octavia Spencer,Tate Taylor,146
It Happened One Night,,"A renegade reporter trailing a young runaway heiress for a big story joins her on a bus heading from Florida to New York, and they end up stuck with each other when the bus leaves them behind at one of the stops.",109993,8.1,Comedy,Romance,,1934-02-22,"road movie,bus,reporter,spoiled brat,road trip",Clark Gable,Claudette Colbert,Walter Connolly,Frank Capra,105
Pather Panchali,,"Impoverished priest Harihar Ray, dreaming of a better life for himself and his family, leaves his rural Bengal village in search of work.",37121,8.2,Drama,,,1955-08-26,"gossip,village,priest,leaving home,theft",Kanu Bannerjee,Karuna Bannerjee,Subir Banerjee,Satyajit Ray,125
Les quatre cents coups,The 400 Blows,"A young boy, left without attention, delves into a life of petty crime.",125613,8.1,Crime,Drama,,1959-11-16,"coming of age,skipping school,mother son relationship,juvenile delinquent,french new wave",Jean-Pierre Léaud,Albert Rémy,Claire Maurier,François Truffaut,99
Aladdin,,A kind-hearted street urchin and a power-hungry Grand Vizier vie for a magic lamp that has the power to make their deepest wishes come true.,454645,8.0,Animation,Adventure,Comedy,1992-11-25,"genie,three wishes,arab,princess,prince",Scott Weinger,Robin Williams,Linda Larkin,Ron Clements,90
Dances with Wolves,,"Lieutenant John Dunbar, assigned to a remote western Civil War outpost, finds himself engaging with a neighbouring Sioux settlement, causing him to question his own purpose.",284499,8.0,Adventure,Drama,Western,1990-11-21,"friendship,native american,wolf,19th century,frontier",Kevin Costner,Mary McDonnell,Graham Greene,Kevin Costner,181
Persona,,A nurse is put in charge of a mute actress and finds that their personae are melding together.,128285,8.1,Drama,Thriller,,1967-03-16,"mute character,experimental film,intercepted letter,minimal cast,meta film",Bibi Andersson,Liv Ullmann,Margaretha Krook,Ingmar Bergman,83
Life of Brian,,"Born on the original Christmas in the stable next door to Jesus Christ, Brian of Nazareth spends his life being mistaken for a messiah.",417699,8.0,Comedy,,,1979-08-17,"monty python,actor playing multiple roles,satire,british comedy,reference to jesus christ",Graham Chapman,John Cleese,Michael Palin,Terry Jones,94
